"id","timeStamp","currentTime","timeDiff","unixTime","currentR1","currentS2","currentT3","currentAverageR1","currentAverageS2","currentAverageT3","temp0","temp1","temp2","temp3","temp4","temp5","pulses","event"
"103719","2013-12-19 21:40:02","0000-00-00 00:00:00","1387485602","0","8.3","0.88","0.31","5.36","1.12","0.31","21.37","65.44","0","0","0","0","44","cron"
"103720","2013-12-19 21:42:02","0000-00-00 00:00:00","1387485721","0","2.01","0.21","0.19","4","0.9","0.23","21.81","65.31","0","0","0","0","7","cron"
"103721","2013-12-19 21:44:01","0000-00-00 00:00:00","1387485841","0","1.98","0.22","0.19","2.24","0.52","0.19","21.94","65.25","0","0","0","0","0","cron"
"103722","2013-12-19 21:46:02","0000-00-00 00:00:00","1387485962","0","1.9","0.2","0.2","1.9","0.49","0.46","21.94","65.19","0","0","0","0","0","cron"
"103723","2013-12-19 21:48:02","0000-00-00 00:00:00","1387486081","0","2","0.23","0.19","1.93","0.99","0.98","21.94","65.19","0","0","0","0","0","cron"
"103724","2013-12-19 21:50:01","0000-00-00 00:00:00","1387486201","0","5.33","3.76","0.19","2.56","1.98","1.47","22","65.19","0","0","0","0","0","cron"
"103725","2013-12-19 21:52:01","0000-00-00 00:00:00","1387486321","0","5.37","3.78","0.17","5.34","4.53","1.34","21.94","65.31","0","0","0","0","0","cron"
"103726","2013-12-19 21:54:02","0000-00-00 00:00:00","1387486442","0","4.84","3.77","0.19","5.02","4.26","0.93","21.94","65.56","0","0","0","0","0","cron"
"103727","2013-12-19 21:56:01","0000-00-00 00:00:00","1387486561","0","4.9","3.77","0.17","4.92","3.94","0.45","21.94","65.94","0","0","0","0","0","cron"
"103728","2013-12-19 21:58:01","0000-00-00 00:00:00","1387486681","0","1.53","0.2","0.17","2.2","0.98","0.23","21.94","65.69","0","0","0","0","0","cron"
"103729","2013-12-19 22:00:02","0000-00-00 00:00:00","1387486802","0","1.64","0.23","0.17","1.51","0.22","0.18","21.87","65.44","0","0","0","0","0","cron"
"103730","2013-12-19 22:02:01","0000-00-00 00:00:00","1387486921","0","1.52","2.49","2.52","1.53","0.53","0.5","21.87","65.31","0","0","0","0","0","cron"
"103731","2013-12-19 22:04:01","0000-00-00 00:00:00","1387487041","0","1.45","0.22","0.19","1.85","1.17","0.82","21.87","65.31","0","0","0","0","0","cron"
"103732","2013-12-19 22:06:02","0000-00-00 00:00:00","1387487162","0","1.63","0.2","0.18","1.94","1.43","1.06","21.94","65.25","0","0","0","0","0","cron"
"103733","2013-12-19 22:08:01","0000-00-00 00:00:00","1387487281","0","1.44","0.24","0.17","1.81","1.49","1.23","21.87","65.25","0","0","0","0","0","cron"
"103734","2013-12-19 22:10:02","0000-00-00 00:00:00","1387487401","0","1.56","0.21","0.19","1.43","1.1","1.08","21.87","65.19","0","0","0","0","0","cron"
"103735","2013-12-19 22:12:01","0000-00-00 00:00:00","1387487521","0","4.61","3.74","0.17","3.13","2.77","0.94","21.87","65.19","0","0","0","0","0","cron"
"103736","2013-12-19 22:14:02","0000-00-00 00:00:00","1387487641","0","4.58","3.73","0.18","4.57","3.95","0.53","21.87","65.75","0","0","0","0","0","cron"
"103737","2013-12-19 22:16:01","0000-00-00 00:00:00","1387487761","0","4.65","3.72","0.2","4.56","3.95","0.48","21.87","66.06","0","0","0","0","0","cron"
"103738","2013-12-19 22:18:06","0000-00-00 00:00:00","1387487886","0","1.36","0.24","0.18","2.99","2.03","0.18","21.81","66.12","0","0","0","0","0","cron"
"103739","2013-12-19 22:20:01","0000-00-00 00:00:00","1387488001","0","1.4","0.22","0.18","1.37","0.57","0.53","21.81","65.62","0","0","0","0","0","cron"
"103740","2013-12-19 22:22:01","0000-00-00 00:00:00","1387488121","0","1.37","0.22","0.17","1.38","0.82","0.79","21.75","65.5","0","0","0","0","0","cron"
"103741","2013-12-19 22:24:02","0000-00-00 00:00:00","1387488242","0","1.36","2.53","2.57","1.36","0.96","0.94","21.75","65.37","0","0","0","0","0","cron"
"103742","2013-12-19 22:26:01","0000-00-00 00:00:00","1387488361","0","3.38","4.26","2.54","1.48","1.18","1.04","21.81","65.44","0","0","0","0","0","cron"
"103743","2013-12-19 22:28:01","0000-00-00 00:00:00","1387488481","0","3.46","4.28","2.56","1.67","1.65","1.4","21.75","65.44","0","0","0","0","0","cron"
"103744","2013-12-19 22:30:02","0000-00-00 00:00:00","1387488602","0","1.47","2.51","2.56","1.76","1.38","1.04","21.75","65.37","0","0","0","0","0","cron"
"103745","2013-12-19 22:32:02","0000-00-00 00:00:00","1387488721","0","4.67","5.36","2.68","1.75","0.97","0.66","21.75","65.31","0","0","0","0","0","cron"
"103746","2013-12-19 22:34:01","0000-00-00 00:00:00","1387488841","0","4.67","3.77","0.2","4.62","3.95","0.5","21.87","65.37","0","0","0","0","0","cron"
"103747","2013-12-19 22:36:01","0000-00-00 00:00:00","1387488961","0","4.75","3.78","0.2","4.64","4.01","0.57","21.81","65.69","0","0","0","0","0","cron"
"103748","2013-12-19 22:38:02","0000-00-00 00:00:00","1387489082","0","1.49","0.23","0.21","3.77","3.09","0.63","21.81","66.06","0","0","0","0","0","cron"
"103749","2013-12-19 22:40:02","0000-00-00 00:00:00","1387489202","0","1.48","0.25","0.21","1.49","0.77","0.76","21.75","65.5","0","0","0","0","0","cron"
"103750","2013-12-19 22:42:01","0000-00-00 00:00:00","1387489321","0","1.45","0.24","0.19","1.45","0.93","0.93","21.75","65.37","0","0","0","0","0","cron"
"103751","2013-12-19 22:44:01","0000-00-00 00:00:00","1387489441","0","1.5","0.24","0.2","1.63","1.1","0.95","21.75","65.37","0","0","0","0","0","cron"
"103752","2013-12-19 22:46:02","0000-00-00 00:00:00","1387489562","0","1.52","0.24","0.2","1.89","1.16","0.82","21.75","65.31","0","0","0","0","0","cron"
"103753","2013-12-19 22:48:02","0000-00-00 00:00:00","1387489681","0","1.43","0.22","0.2","1.98","1.19","0.64","21.75","65.19","0","0","0","0","0","cron"
"103754","2013-12-19 22:50:01","0000-00-00 00:00:00","1387489801","0","1.5","0.23","0.2","1.89","1.31","0.88","21.75","65.31","0","0","0","0","0","cron"
"103755","2013-12-19 22:52:02","0000-00-00 00:00:00","1387489922","0","5.05","3.8","0.17","2.32","1.83","1.21","21.75","65.25","0","0","0","0","0","cron"
"103756","2013-12-19 22:54:02","0000-00-00 00:00:00","1387490041","0","5.06","3.8","0.2","5.01","4.16","0.8","21.75","65.62","0","0","0","0","0","cron"
"103757","2013-12-19 22:56:01","0000-00-00 00:00:00","1387490161","0","5.53","5.39","2.6","5.49","4.15","0.79","21.75","66","0","0","0","0","0","cron"
"103758","2013-12-19 22:58:02","0000-00-00 00:00:00","1387490282","0","2.04","2.53","2.58","5.03","3.78","0.88","21.75","66.31","0","0","0","0","0","cron"
"103759","2013-12-19 23:00:02","0000-00-00 00:00:00","1387490401","0","2.04","2.54","2.63","2","0.77","0.78","21.69","65.69","0","0","0","0","0","cron"
"103760","2013-12-19 23:02:01","0000-00-00 00:00:00","1387490521","0","1.98","2.56","2.6","1.99","0.79","0.79","21.69","65.56","0","0","0","0","0","cron"
"103761","2013-12-19 23:04:02","0000-00-00 00:00:00","1387490642","0","2.01","0.22","0.22","2.01","0.83","0.84","21.69","65.44","0","0","0","0","0","cron"
"103762","2013-12-19 23:06:01","0000-00-00 00:00:00","1387490761","0","1.88","0.22","0.21","2.15","1","0.86","21.62","65.44","0","0","0","0","0","cron"
"103763","2013-12-19 23:08:02","0000-00-00 00:00:00","1387490882","0","1.87","0.22","0.19","2.36","1.16","0.77","21.62","65.44","0","0","0","0","0","cron"
"103764","2013-12-19 23:10:02","0000-00-00 00:00:00","1387491002","0","1.54","0.23","0.21","2.3","1.31","0.77","21.62","65.44","0","0","0","0","0","cron"
"103765","2013-12-19 23:12:02","0000-00-00 00:00:00","1387491121","0","1.46","0.24","0.21","1.99","1.29","0.9","21.69","65.37","0","0","0","0","0","cron"
"103766","2013-12-19 23:14:01","0000-00-00 00:00:00","1387491241","0","5.01","3.76","0.22","5.08","4.58","1.17","21.69","65.69","0","0","0","0","0","cron"
"103767","2013-12-19 23:16:01","0000-00-00 00:00:00","1387491361","0","4.92","3.78","0.22","4.95","4.47","1.22","21.69","66.12","0","0","0","0","0","cron"
"103768","2013-12-19 23:18:02","0000-00-00 00:00:00","1387491482","0","1.6","0.22","0.2","4.15","3.27","1.12","21.69","66.37","0","0","0","0","0","cron"
"103769","2013-12-19 23:20:02","0000-00-00 00:00:00","1387491601","0","1.47","0.24","0.2","1.68","0.66","0.76","21.69","65.81","0","0","0","0","0","cron"
"103770","2013-12-19 23:22:01","0000-00-00 00:00:00","1387491721","0","1.64","0.23","0.21","1.55","0.72","0.72","21.69","65.62","0","0","0","0","0","cron"
"103771","2013-12-19 23:24:02","0000-00-00 00:00:00","1387491842","0","1.46","2.53","2.58","1.48","0.85","0.85","21.62","65.56","0","0","0","0","0","cron"
"103772","2013-12-19 23:26:02","0000-00-00 00:00:00","1387491961","0","1.48","2.54","2.62","1.51","0.82","0.82","21.62","65.5","0","0","0","0","0","cron"
"103773","2013-12-19 23:28:01","0000-00-00 00:00:00","1387492081","0","3.79","4.29","2.57","1.82","1","0.8","21.56","65.44","0","0","0","0","0","cron"
"103774","2013-12-19 23:30:02","0000-00-00 00:00:00","1387492202","0","3.66","4.26","2.61","2.01","1.14","0.77","21.62","65.5","0","0","0","0","0","cron"
"103775","2013-12-19 23:32:02","0000-00-00 00:00:00","1387492321","0","4.93","3.73","0.21","2.64","1.88","0.91","21.56","65.44","0","0","0","0","0","cron"
"103776","2013-12-19 23:34:01","0000-00-00 00:00:00","1387492441","0","4.93","3.73","0.22","5.52","4.84","0.97","21.62","65.81","0","0","0","0","0","cron"
"103777","2013-12-19 23:36:01","0000-00-00 00:00:00","1387492561","0","4.89","3.73","0.23","5.15","4.66","1.22","21.56","66.19","0","0","0","0","0","cron"
"103778","2013-12-19 23:38:02","0000-00-00 00:00:00","1387492682","0","1.5","0.22","0.21","3.88","3.17","0.85","21.69","66.5","0","0","0","0","0","cron"
"103779","2013-12-19 23:40:02","0000-00-00 00:00:00","1387492802","0","1.51","0.21","0.21","1.53","0.66","0.68","21.69","65.81","0","0","0","0","0","cron"
"103780","2013-12-19 23:42:01","0000-00-00 00:00:00","1387492921","0","1.51","0.19","0.22","1.51","0.66","0.68","21.69","65.5","0","0","0","0","0","cron"
"103781","2013-12-19 23:44:01","0000-00-00 00:00:00","1387493041","0","1.53","0.18","0.22","1.57","0.8","0.83","21.62","65.56","0","0","0","0","0","cron"
"103782","2013-12-19 23:46:02","0000-00-00 00:00:00","1387493162","0","1.66","0.19","0.21","1.56","0.78","0.82","21.62","65.56","0","0","0","0","0","cron"
"103783","2013-12-19 23:48:01","0000-00-00 00:00:00","1387493281","0","1.44","0.23","0.19","1.57","0.73","0.76","21.69","65.56","0","0","0","0","0","cron"
"103784","2013-12-19 23:50:01","0000-00-00 00:00:00","1387493401","0","1.45","0.2","0.21","1.46","0.83","0.86","21.62","65.44","0","0","0","0","0","cron"
"103785","2013-12-19 23:52:02","0000-00-00 00:00:00","1387493522","0","4.83","5.28","2.56","1.58","1","0.94","21.62","65.5","0","0","0","0","0","cron"
"103786","2013-12-19 23:54:01","0000-00-00 00:00:00","1387493641","0","4.8","5.3","2.59","4.96","4.5","1.16","21.56","65.75","0","0","0","0","0","cron"
"103787","2013-12-19 23:56:02","0000-00-00 00:00:00","1387493762","0","4.84","5.37","2.61","5.26","4.94","1.34","21.62","66.19","0","0","0","0","0","cron"
"103788","2013-12-19 23:58:04","0000-00-00 00:00:00","1387493884","0","1.49","2.55","2.55","3.76","3.08","0.86","21.56","66.25","0","0","0","0","0","cron"
"103789","2013-12-20 00:00:05","0000-00-00 00:00:00","1387494004","0","1.59","2.56","2.57","1.84","0.92","0.6","21.62","65.75","0","0","0","0","0","cron"
"103790","2013-12-20 00:02:03","0000-00-00 00:00:00","1387494123","0","1.5","0.23","0.2","1.5","0.69","0.69","21.62","65.62","0","0","0","0","0","cron"
"103791","2013-12-20 00:04:03","0000-00-00 00:00:00","1387494242","0","1.6","0.23","0.22","1.47","0.76","0.76","21.56","65.56","0","0","0","0","0","cron"
"103792","2013-12-20 00:06:02","0000-00-00 00:00:00","1387494362","0","1.56","0.21","0.2","1.51","0.82","0.82","21.56","65.56","0","0","0","0","0","cron"
"103793","2013-12-20 00:08:02","0000-00-00 00:00:00","1387494482","0","1.35","0.24","0.2","1.49","0.95","0.96","21.56","65.56","0","0","0","0","0","cron"
"103794","2013-12-20 00:10:01","0000-00-00 00:00:00","1387494601","0","1.35","0.22","0.2","1.34","0.79","0.77","21.56","65.5","0","0","0","0","0","cron"
"103795","2013-12-20 00:12:02","0000-00-00 00:00:00","1387494722","0","4.59","3.8","0.2","1.83","1.26","0.77","21.56","65.5","0","0","0","0","0","cron"
"103796","2013-12-20 00:14:02","0000-00-00 00:00:00","1387494841","0","4.49","3.81","0.2","4.56","4.22","0.82","21.5","65.81","0","0","0","0","0","cron"
"103797","2013-12-20 00:16:01","0000-00-00 00:00:00","1387494961","0","4.52","3.8","0.21","4.51","4.2","0.8","21.5","66.31","0","0","0","0","0","cron"
"103798","2013-12-20 00:18:01","0000-00-00 00:00:00","1387495081","0","1.41","2.57","2.83","3.4","3.15","1.22","21.44","66.31","0","0","0","0","0","cron"
"103799","2013-12-20 00:20:02","0000-00-00 00:00:00","1387495202","0","1.62","0.21","0.42","1.89","1.77","1.66","21.5","65.69","0","0","0","0","0","cron"
"103800","2013-12-20 00:22:01","0000-00-00 00:00:00","1387495321","0","1.49","2.53","2.78","2.06","1.5","1.23","21.37","65.56","0","0","0","0","0","cron"
"103801","2013-12-20 00:24:01","0000-00-00 00:00:00","1387495441","0","1.61","2.54","2.92","1.83","0.92","0.98","21.37","65.5","0","0","0","0","0","cron"
"103802","2013-12-20 00:26:02","0000-00-00 00:00:00","1387495562","0","1.44","1.65","2.02","1.54","0.73","1.06","21.31","65.5","0","0","0","0","0","cron"
"103803","2013-12-20 00:28:01","0000-00-00 00:00:00","1387495681","0","1.45","0.22","0.48","1.45","0.72","0.99","21.31","65.44","0","0","0","0","0","cron"
"103804","2013-12-20 00:30:01","0000-00-00 00:00:00","1387495801","0","1.44","0.21","0.5","1.46","0.91","1.19","21.31","65.44","0","0","0","0","0","cron"
"103805","2013-12-20 00:32:02","0000-00-00 00:00:00","1387495922","0","4.46","3.84","0.41","3.53","3.39","1.85","21.19","65.5","0","0","0","0","0","cron"
"103806","2013-12-20 00:34:01","0000-00-00 00:00:00","1387496041","0","4.53","3.69","0.45","4.74","4.63","2.13","21.19","66.12","0","0","0","0","0","cron"
"103807","2013-12-20 00:36:01","0000-00-00 00:00:00","1387496161","0","4.41","3.66","0.45","4.62","4.34","1.37","21.19","66.5","0","0","0","0","0","cron"
"103808","2013-12-20 00:38:02","0000-00-00 00:00:00","1387496282","0","1.26","0.04","0.44","2.5","1.87","0.92","21.19","66.06","0","0","0","0","0","cron"
"103809","2013-12-20 00:40:02","0000-00-00 00:00:00","1387496402","0","1.22","0.05","0.44","1.88","1.28","0.94","21.19","65.69","0","0","0","0","0","cron"
"103810","2013-12-20 00:42:02","0000-00-00 00:00:00","1387496521","0","1.22","0.04","0.44","1.84","1.22","0.89","21.19","65.56","0","0","0","0","0","cron"
"103811","2013-12-20 00:44:01","0000-00-00 00:00:00","1387496641","0","1.27","0.04","0.14","1.58","0.92","0.75","21.19","65.44","0","0","0","0","0","cron"
"103812","2013-12-20 00:46:02","0000-00-00 00:00:00","1387496762","0","1.22","2.47","2.56","1.25","0.73","0.83","21.19","65.56","0","0","0","0","0","cron"
"103813","2013-12-20 00:48:02","0000-00-00 00:00:00","1387496882","0","1.23","2.41","2.53","1.25","0.94","1.05","21.19","65.5","0","0","0","0","0","cron"
"103814","2013-12-20 00:50:01","0000-00-00 00:00:00","1387497001","0","0.88","2.43","2.53","1.29","1.06","1.16","21.19","65.5","0","0","0","0","0","cron"
"103815","2013-12-20 00:52:01","0000-00-00 00:00:00","1387497121","0","4.12","5.27","2.62","1.92","2.07","1.16","21.12","65.44","0","0","0","0","0","cron"
"103816","2013-12-20 00:54:02","0000-00-00 00:00:00","1387497242","0","4.19","3.69","0.2","4.18","4.12","0.83","21.19","66.06","0","0","0","0","0","cron"
"103817","2013-12-20 00:56:01","0000-00-00 00:00:00","1387497361","0","4.2","3.73","0.22","4.18","4.02","0.68","21.12","66.37","0","0","0","0","0","cron"
"103818","2013-12-20 00:58:01","0000-00-00 00:00:00","1387497481","0","3","2.47","0.2","2.17","1.88","0.65","21.19","66.06","0","0","0","0","0","cron"
"103819","2013-12-20 01:00:02","0000-00-00 00:00:00","1387497602","0","0.9","0.06","0.2","1.37","1.13","0.75","21.12","65.69","0","0","0","0","0","cron"
"103820","2013-12-20 01:02:02","0000-00-00 00:00:00","1387497721","0","1.11","3.09","3.27","1.72","1.8","1.25","21.19","65.62","0","0","0","0","0","cron"
"103821","2013-12-20 01:04:01","0000-00-00 00:00:00","1387497841","0","1.09","0.05","0.21","1.63","1.8","1.43","21.19","65.5","0","0","0","0","0","cron"
"103822","2013-12-20 01:06:02","0000-00-00 00:00:00","1387497962","0","1.09","0.05","0.2","1.31","1.57","1.52","21.12","65.44","0","0","0","0","0","cron"
"103823","2013-12-20 01:08:02","0000-00-00 00:00:00","1387498081","0","1.07","0.05","0.19","1.08","1.07","1.23","21.12","65.5","0","0","0","0","0","cron"
"103824","2013-12-20 01:10:02","0000-00-00 00:00:00","1387498201","0","1.08","0.04","0.21","1.08","0.75","0.87","21.12","65.44","0","0","0","0","0","cron"
"103825","2013-12-20 01:12:01","0000-00-00 00:00:00","1387498321","0","1.05","0.06","0.22","1.07","0.77","0.92","21.12","65.31","0","0","0","0","0","cron"
"103826","2013-12-20 01:14:02","0000-00-00 00:00:00","1387498442","0","1.06","2.39","2.54","1.07","0.72","0.87","21.12","65.12","0","0","0","0","0","cron"
"103827","2013-12-20 01:16:02","0000-00-00 00:00:00","1387498562","0","4.47","5.24","2.55","3.51","3.07","0.83","21.06","65.06","0","0","0","0","0","cron"
"103828","2013-12-20 01:18:01","0000-00-00 00:00:00","1387498681","0","4.47","5.27","2.56","4.68","4.25","0.81","21.06","65.19","0","0","0","0","0","cron"
"103829","2013-12-20 01:20:01","0000-00-00 00:00:00","1387498801","0","4.48","5.28","2.55","4.96","4.54","0.8","21.06","65.5","0","0","0","0","0","cron"
"103830","2013-12-20 01:22:02","0000-00-00 00:00:00","1387498922","0","3.29","2.45","0.2","2.52","2.2","0.86","21.06","65.37","0","0","0","0","0","cron"
"103831","2013-12-20 01:24:02","0000-00-00 00:00:00","1387499041","0","5.08","2.45","2.53","1.66","1.23","1.19","21.06","65.12","0","0","0","0","0","cron"
"103832","2013-12-20 01:26:01","0000-00-00 00:00:00","1387499161","0","3.32","4.74","3.18","1.61","1.5","1.58","21.06","65.06","0","0","0","0","0","cron"
"103833","2013-12-20 01:28:02","0000-00-00 00:00:00","1387499282","0","1.07","3.05","3.19","1.26","1.45","1.43","21.06","65","0","0","0","0","0","cron"
"103834","2013-12-20 01:30:02","0000-00-00 00:00:00","1387499401","0","1.06","3.05","3.18","1.06","1.29","1.44","21.06","64.94","0","0","0","0","0","cron"
"103835","2013-12-20 01:32:01","0000-00-00 00:00:00","1387499521","0","1.05","0.05","0.2","1.06","0.99","1.13","21.06","64.94","0","0","0","0","0","cron"
"103836","2013-12-20 01:34:02","0000-00-00 00:00:00","1387499642","0","4.49","3.65","0.11","3.03","2.72","0.94","21","65","0","0","0","0","0","cron"
"103837","2013-12-20 01:36:03","0000-00-00 00:00:00","1387499762","0","4.46","3.65","0.1","4.47","4.15","0.85","21.06","65.56","0","0","0","0","0","cron"
"103838","2013-12-20 01:38:02","0000-00-00 00:00:00","1387499882","0","4.46","3.62","0.12","4.55","4.22","0.83","21","65.75","0","0","0","0","0","cron"
"103839","2013-12-20 01:40:01","0000-00-00 00:00:00","1387500001","0","1.06","0.05","0.19","2.52","2.22","0.81","21","65.5","0","0","0","0","0","cron"
"103840","2013-12-20 01:42:02","0000-00-00 00:00:00","1387500122","0","1.08","2.4","2.48","1.64","1.37","0.87","20.94","65.25","0","0","0","0","0","cron"
"103841","2013-12-20 01:44:01","0000-00-00 00:00:00","1387500241","0","1.05","2.38","2.47","1.55","1.25","0.78","20.94","65.19","0","0","0","0","0","cron"
"103842","2013-12-20 01:46:01","0000-00-00 00:00:00","1387500361","0","1.43","2.4","2.45","1.71","1.2","0.78","20.94","65.06","0","0","0","0","0","cron"
"103843","2013-12-20 01:48:02","0000-00-00 00:00:00","1387500482","0","1.44","2.39","2.45","1.53","1.01","0.97","20.94","65.06","0","0","0","0","0","cron"
"103844","2013-12-20 01:50:01","0000-00-00 00:00:00","1387500601","0","1.45","0.04","0.11","1.44","1.26","1.33","20.94","65.06","0","0","0","0","0","cron"
"103845","2013-12-20 01:52:01","0000-00-00 00:00:00","1387500721","0","1.44","0.04","0.12","1.45","1.43","1.5","20.94","65.12","0","0","0","0","0","cron"
"103846","2013-12-20 01:54:02","0000-00-00 00:00:00","1387500842","0","4.89","3.61","0.13","4.16","3.79","1.34","20.87","65.25","0","0","0","0","0","cron"
"103847","2013-12-20 01:56:01","0000-00-00 00:00:00","1387500961","0","4.9","3.63","0.11","4.92","4.11","0.81","20.94","65.75","0","0","0","0","0","cron"
"103848","2013-12-20 01:58:01","0000-00-00 00:00:00","1387501081","0","7.19","5.94","0.11","5.03","4.25","0.85","20.87","66.06","0","0","0","0","0","cron"
"103849","2013-12-20 02:00:02","0000-00-00 00:00:00","1387501202","0","1.06","0.05","0.09","2.75","2.04","0.84","20.94","65.56","0","0","0","0","0","cron"
"103850","2013-12-20 02:02:02","0000-00-00 00:00:00","1387501321","0","1.06","0.05","0.07","1.67","1.44","0.84","20.87","65.25","0","0","0","0","0","cron"
"103851","2013-12-20 02:04:01","0000-00-00 00:00:00","1387501441","0","4.47","3.63","0.1","2.7","2.39","0.97","20.87","65.12","0","0","0","0","0","cron"
"103852","2013-12-20 02:06:02","0000-00-00 00:00:00","1387501562","0","4.16","3.67","0.1","4.91","4.55","1.28","20.87","65.75","0","0","0","0","0","cron"
"103853","2013-12-20 02:08:02","0000-00-00 00:00:00","1387501681","0","4.14","3.65","0.08","4.37","4.18","1.21","20.87","66.06","0","0","0","0","0","cron"
"103854","2013-12-20 02:10:02","0000-00-00 00:00:00","1387501801","0","4.12","5.25","2.48","4.15","4.13","0.81","20.81","66.25","0","0","0","0","0","cron"
"103855","2013-12-20 02:12:01","0000-00-00 00:00:00","1387501921","0","4.09","5.2","2.47","4.32","4.46","1.05","20.81","66.37","0","0","0","0","0","cron"
"103856","2013-12-20 02:14:02","0000-00-00 00:00:00","1387502042","0","4.11","5.25","2.47","4.55","4.96","1.45","20.81","66.44","0","0","0","0","0","cron"
"103857","2013-12-20 02:16:02","0000-00-00 00:00:00","1387502161","0","4.17","5.27","2.45","4.59","5.06","1.56","20.81","66.56","0","0","0","0","0","cron"
"103858","2013-12-20 02:18:01","0000-00-00 00:00:00","1387502281","0","4.14","3.65","0.11","4.33","4.56","1.17","20.81","66.69","0","0","0","0","0","cron"
"103859","2013-12-20 02:20:01","0000-00-00 00:00:00","1387502401","0","4.17","3.62","0.08","4.14","4.22","0.96","20.75","66.75","0","0","0","0","0","cron"
"103860","2013-12-20 02:22:02","0000-00-00 00:00:00","1387502522","0","4.15","3.64","0.1","4.14","4.24","0.99","20.75","66.81","0","0","0","0","0","cron"
"103861","2013-12-20 02:24:01","0000-00-00 00:00:00","1387502641","0","0.92","0.05","0.09","3.25","3.3","0.9","20.75","66.81","0","0","0","0","0","cron"
"103862","2013-12-20 02:26:01","0000-00-00 00:00:00","1387502761","0","2.99","2.46","0.09","1.14","1.08","0.84","20.75","66.06","0","0","0","0","0","cron"
"103863","2013-12-20 02:28:02","0000-00-00 00:00:00","1387502882","0","3.01","2.48","0.09","1.35","1.32","0.84","20.75","65.81","0","0","0","0","0","cron"
"103864","2013-12-20 02:30:02","0000-00-00 00:00:00","1387503001","0","4.15","3.63","0.08","1.83","1.82","0.86","20.75","65.81","0","0","0","0","0","cron"
"103865","2013-12-20 02:32:01","0000-00-00 00:00:00","1387503121","0","4.12","3.63","0.09","4.58","4.66","0.95","20.75","66.31","0","0","0","0","0","cron"
"103866","2013-12-20 02:34:02","0000-00-00 00:00:00","1387503242","0","4.12","3.62","0.09","4.58","4.83","1.22","20.69","66.62","0","0","0","0","0","cron"
"103867","2013-12-20 02:36:02","0000-00-00 00:00:00","1387503361","0","4.13","5.13","2.41","4.54","5.08","1.65","20.69","66.75","0","0","0","0","0","cron"
"103868","2013-12-20 02:38:01","0000-00-00 00:00:00","1387503481","0","4.06","5.11","2.42","4.42","4.91","1.58","20.69","67","0","0","0","0","0","cron"
"103869","2013-12-20 02:40:01","0000-00-00 00:00:00","1387503601","0","4.17","5.21","2.4","4.35","4.38","1.53","20.69","67","0","0","0","0","0","cron"
"103870","2013-12-20 02:42:02","0000-00-00 00:00:00","1387503721","0","4.15","5.19","2.44","4.35","4.15","1.18","20.62","67.06","0","0","0","0","0","cron"
"103871","2013-12-20 02:44:02","0000-00-00 00:00:00","1387503841","0","4.11","5.12","2.44","4.21","4.15","0.97","20.69","67.25","0","0","0","0","0","cron"
"103872","2013-12-20 02:46:02","0000-00-00 00:00:00","1387503961","0","4.14","3.65","0.09","4.24","4.2","0.79","20.69","67.31","0","0","0","0","0","cron"
"103873","2013-12-20 02:48:02","0000-00-00 00:00:00","1387504081","0","4.16","3.65","0.09","4.71","4.78","0.94","20.62","67.44","0","0","0","0","0","cron"
"103874","2013-12-20 02:50:02","0000-00-00 00:00:00","1387504201","0","6.38","5.94","0.08","4.83","4.95","1","20.62","67.5","0","0","0","0","0","cron"
"103875","2013-12-20 02:52:02","0000-00-00 00:00:00","1387504322","0","6.4","5.96","0.07","4.81","4.93","0.99","20.62","67.56","0","0","0","0","0","cron"
"103876","2013-12-20 02:54:02","0000-00-00 00:00:00","1387504442","0","6.27","7.79","3.14","4.8","4.95","1.04","20.62","67.62","0","0","0","0","0","cron"
"103877","2013-12-20 02:56:02","0000-00-00 00:00:00","1387504562","0","3","2.46","0.09","2.37","2.84","1.44","20.62","67.12","0","0","0","0","0","cron"
"103878","2013-12-20 02:58:01","0000-00-00 00:00:00","1387504681","0","0.88","0.05","0.11","1.02","1.85","1.77","20.56","66.75","0","0","0","0","0","cron"
"103879","2013-12-20 03:00:02","0000-00-00 00:00:00","1387504802","0","0.89","0.06","0.08","0.9","1.66","1.7","20.62","66.62","0","0","0","0","0","cron"
"103880","2013-12-20 03:02:01","0000-00-00 00:00:00","1387504921","0","4.51","3.63","0.09","2.33","2.33","1.14","20.56","66.5","0","0","0","0","0","cron"
"103881","2013-12-20 03:04:02","0000-00-00 00:00:00","1387505042","0","4.53","3.66","0.11","4.5","4.17","0.9","20.56","66.87","0","0","0","0","0","cron"
"103882","2013-12-20 03:06:02","0000-00-00 00:00:00","1387505161","0","4.54","5.21","2.42","4.5","4.14","0.85","20.56","67.25","0","0","0","0","0","cron"
"103883","2013-12-20 03:08:01","0000-00-00 00:00:00","1387505281","0","4.51","5.25","2.45","4.94","4.59","0.84","20.56","67.44","0","0","0","0","0","cron"
"103884","2013-12-20 03:10:01","0000-00-00 00:00:00","1387505401","0","4.52","5.23","2.46","5.2","4.92","0.93","20.56","67.62","0","0","0","0","0","cron"
"103885","2013-12-20 03:12:02","0000-00-00 00:00:00","1387505522","0","4.52","5.24","2.42","5.17","4.87","1.12","20.56","67.75","0","0","0","0","0","cron"
"103886","2013-12-20 03:14:02","0000-00-00 00:00:00","1387505641","0","4.52","5.21","2.42","5.38","4.94","1.34","20.56","67.81","0","0","0","0","0","cron"
"103887","2013-12-20 03:16:01","0000-00-00 00:00:00","1387505761","0","6.44","3.58","2.45","5.52","5.14","1.7","20.5","67.94","0","0","0","0","0","cron"
"103888","2013-12-20 03:18:01","0000-00-00 00:00:00","1387505881","0","4.93","3.64","0.09","5.19","4.85","1.48","20.5","68","0","0","0","0","0","cron"
"103889","2013-12-20 03:20:02","0000-00-00 00:00:00","1387506002","0","4.94","5.72","3.05","5.01","4.61","1.4","20.5","68.12","0","0","0","0","0","cron"
"103890","2013-12-20 03:22:01","0000-00-00 00:00:00","1387506121","0","4.93","3.63","0.1","4.91","4.21","0.97","20.5","68.06","0","0","0","0","0","cron"
"103891","2013-12-20 03:24:01","0000-00-00 00:00:00","1387506241","0","4.94","3.63","0.11","4.91","4.16","0.91","20.5","68.25","0","0","0","0","0","cron"
"103892","2013-12-20 03:26:02","0000-00-00 00:00:00","1387506362","0","1.47","0.04","0.11","2.51","2.03","1.12","20.5","68.19","0","0","0","0","0","cron"
"103893","2013-12-20 03:28:01","0000-00-00 00:00:00","1387506481","0","3.29","1.96","0.09","1.7","1.2","1.01","20.5","67.5","0","0","0","0","0","cron"
"103894","2013-12-20 03:30:01","0000-00-00 00:00:00","1387506601","0","1.06","0.03","0.11","2.02","1.59","1.02","20.44","67.25","0","0","0","0","0","cron"
"103895","2013-12-20 03:32:02","0000-00-00 00:00:00","1387506722","0","4.53","3.69","0.1","2.91","2.82","1.02","20.44","67.12","0","0","0","0","0","cron"
"103896","2013-12-20 03:34:02","0000-00-00 00:00:00","1387506841","0","4.47","5.24","2.48","5.26","4.96","0.87","20.44","67.44","0","0","0","0","0","cron"
"103897","2013-12-20 03:36:01","0000-00-00 00:00:00","1387506961","0","4.51","5.23","2.44","5.09","5.03","1.24","20.44","67.87","0","0","0","0","0","cron"
"103898","2013-12-20 03:38:02","0000-00-00 00:00:00","1387507082","0","4.51","5.3","2.49","4.71","4.86","1.53","20.44","68","0","0","0","0","0","cron"
"103899","2013-12-20 03:40:02","0000-00-00 00:00:00","1387507202","0","4.44","5.24","2.48","4.5","4.75","1.67","20.44","68.19","0","0","0","0","0","cron"
"103900","2013-12-20 03:42:02","0000-00-00 00:00:00","1387507321","0","4.5","5.32","2.5","4.5","4.52","1.34","20.44","68.31","0","0","0","0","0","cron"
"103901","2013-12-20 03:44:01","0000-00-00 00:00:00","1387507441","0","4.48","3.67","0.09","4.57","4.24","1.04","20.44","68.37","0","0","0","0","0","cron"
"103902","2013-12-20 03:46:02","0000-00-00 00:00:00","1387507562","0","6.1","3.64","2.5","4.69","4.18","1.14","20.37","68.5","0","0","0","0","0","cron"
"103903","2013-12-20 03:48:02","0000-00-00 00:00:00","1387507681","0","6.19","3.69","2.47","4.94","4.47","1.25","20.37","68.62","0","0","0","0","0","cron"
"103904","2013-12-20 03:50:01","0000-00-00 00:00:00","1387507801","0","6.79","6","0.11","5.21","4.91","1.22","20.37","68.69","0","0","0","0","0","cron"
"103905","2013-12-20 03:52:02","0000-00-00 00:00:00","1387507922","0","3.3","2.46","0.11","4.32","4.19","1.01","20.31","68.75","0","0","0","0","0","cron"
"103906","2013-12-20 03:54:02","0000-00-00 00:00:00","1387508041","0","3.38","2.51","0.11","1.79","1.63","0.9","20.37","68.12","0","0","0","0","0","cron"
"103907","2013-12-20 03:56:01","0000-00-00 00:00:00","1387508161","0","3.37","2.52","0.11","1.68","1.48","0.86","20.31","67.81","0","0","0","0","0","cron"
"103908","2013-12-20 03:58:02","0000-00-00 00:00:00","1387508282","0","3.37","2.52","0.09","1.47","1.59","1.19","20.31","67.69","0","0","0","0","0","cron"
"103909","2013-12-20 04:00:02","0000-00-00 00:00:00","1387508401","0","4.55","3.73","0.11","3.96","4.39","1.79","20.31","67.62","0","0","0","0","0","cron"
"103910","2013-12-20 04:02:01","0000-00-00 00:00:00","1387508521","0","4.55","5.33","2.48","4.53","4.88","1.8","20.31","68.12","0","0","0","0","0","cron"
"103911","2013-12-20 04:04:02","0000-00-00 00:00:00","1387508642","0","4.56","5.37","2.5","4.53","4.54","1.32","20.31","68.44","0","0","0","0","0","cron"
"103912","2013-12-20 04:06:02","0000-00-00 00:00:00","1387508761","0","4.22","5.3","2.47","4.41","4.34","1.02","20.31","68.62","0","0","0","0","0","cron"
"103913","2013-12-20 04:08:01","0000-00-00 00:00:00","1387508881","0","4.14","5.29","2.5","4.29","4.38","0.96","20.31","68.75","0","0","0","0","0","cron"
"103914","2013-12-20 04:10:01","0000-00-00 00:00:00","1387509001","0","6.46","7.54","2.52","4.76","4.84","0.94","20.31","68.87","0","0","0","0","0","cron"
"103915","2013-12-20 04:12:01","0000-00-00 00:00:00","1387509121","0","4.2","3.71","0.1","4.92","5.03","0.96","20.31","68.94","0","0","0","0","0","cron"
"103916","2013-12-20 04:14:02","0000-00-00 00:00:00","1387509242","0","4.2","3.72","0.11","4.88","4.93","0.87","20.25","69.06","0","0","0","0","0","cron"
"103917","2013-12-20 04:16:01","0000-00-00 00:00:00","1387509361","0","5.95","3.74","2.46","4.8","4.74","0.99","20.25","69.19","0","0","0","0","0","cron"
"103918","2013-12-20 04:18:01","0000-00-00 00:00:00","1387509481","0","0.89","3.14","3.17","1.72","1.76","1.47","20.25","68.81","0","0","0","0","0","cron"
"103919","2013-12-20 04:20:02","0000-00-00 00:00:00","1387509602","0","0.92","3.11","3.15","1.51","1.79","1.79","20.19","68.19","0","0","0","0","0","cron"
"103920","2013-12-20 04:22:02","0000-00-00 00:00:00","1387509721","0","0.9","0.07","0.08","1.26","1.81","1.59","20.25","68.06","0","0","0","0","0","cron"
"103921","2013-12-20 04:24:01","0000-00-00 00:00:00","1387509841","0","6.49","6.04","0.08","2.41","2.92","1.42","20.19","68.06","0","0","0","0","0","cron"
"103922","2013-12-20 04:26:02","0000-00-00 00:00:00","1387509962","0","6.48","6.04","0.1","4.45","4.6","1.02","20.25","68.25","0","0","0","0","0","cron"
"103923","2013-12-20 04:28:02","0000-00-00 00:00:00","1387510081","0","4.17","5.34","2.5","4.45","4.68","1.14","20.25","68.62","0","0","0","0","0","cron"
"103924","2013-12-20 04:30:01","0000-00-00 00:00:00","1387510201","0","4.17","5.32","2.48","4.5","4.67","1.06","20.19","68.87","0","0","0","0","0","cron"
"103925","2013-12-20 04:32:01","0000-00-00 00:00:00","1387510321","0","4.15","5.3","2.5","4.61","4.71","0.95","20.19","69.06","0","0","0","0","0","cron"
"103926","2013-12-20 04:34:02","0000-00-00 00:00:00","1387510442","0","4.2","5.27","2.46","4.63","4.62","0.79","20.19","69.19","0","0","0","0","0","cron"
"103927","2013-12-20 04:36:01","0000-00-00 00:00:00","1387510561","0","4.14","5.27","2.5","4.66","4.66","0.8","20.12","69.31","0","0","0","0","0","cron"
"103928","2013-12-20 04:38:01","0000-00-00 00:00:00","1387510681","0","4.16","5.26","2.49","4.66","4.89","1.14","20.12","69.37","0","0","0","0","0","cron"
"103929","2013-12-20 04:40:01","0000-00-00 00:00:00","1387510801","0","0.91","0.05","0.09","4.08","4.73","1.68","20.12","69.5","0","0","0","0","0","cron"
"103930","2013-12-20 04:42:02","0000-00-00 00:00:00","1387510922","0","0.9","3.08","3.12","1.23","2.25","1.89","20.06","68.94","0","0","0","0","0","cron"
"103931","2013-12-20 04:44:01","0000-00-00 00:00:00","1387511041","0","0.88","1.81","1.8","0.98","1.85","1.78","20.12","68.56","0","0","0","0","0","cron"
"103932","2013-12-20 04:46:01","0000-00-00 00:00:00","1387511161","0","0.89","0.06","0.09","0.99","1.25","1.39","20.12","68.37","0","0","0","0","0","cron"
"103933","2013-12-20 04:48:02","0000-00-00 00:00:00","1387511282","0","4.62","3.7","0.09","3.09","2.66","1.43","20.12","68.37","0","0","0","0","0","cron"
"103934","2013-12-20 04:50:01","0000-00-00 00:00:00","1387511401","0","4.64","3.71","0.09","4.98","4.4","1.36","20.12","68.56","0","0","0","0","0","cron"
"103935","2013-12-20 04:52:01","0000-00-00 00:00:00","1387511521","0","6.94","6.05","0.09","5.31","4.84","0.96","20.12","69","0","0","0","0","0","cron"
"103936","2013-12-20 04:54:02","0000-00-00 00:00:00","1387511642","0","6.87","6","0.09","5.54","5.13","0.86","20.06","69.19","0","0","0","0","0","cron"
"103937","2013-12-20 04:56:02","0000-00-00 00:00:00","1387511761","0","6.88","5.99","0.12","5.33","4.92","0.85","20.06","69.31","0","0","0","0","0","cron"
"103938","2013-12-20 04:58:01","0000-00-00 00:00:00","1387511881","0","4.59","3.65","0.11","5.28","4.84","0.82","20.06","69.5","0","0","0","0","0","cron"
"103939","2013-12-20 05:00:02","0000-00-00 00:00:00","1387512002","0","4.63","5.29","2.45","5.13","5.05","1.33","20.06","69.56","0","0","0","0","0","cron"
"103940","2013-12-20 05:02:02","0000-00-00 00:00:00","1387512121","0","4.17","5.26","2.45","4.62","5.12","1.72","20.06","69.62","0","0","0","0","0","cron"
"103941","2013-12-20 05:04:01","0000-00-00 00:00:00","1387512241","0","0.9","2.44","2.48","3","3.88","1.95","20.06","69.75","0","0","0","0","0","cron"
"103942","2013-12-20 05:06:02","0000-00-00 00:00:00","1387512362","0","0.89","2.43","2.47","0.89","1.42","1.46","20.06","69.06","0","0","0","0","0","cron"
"103943","2013-12-20 05:08:02","0000-00-00 00:00:00","1387512481","0","1.07","0.04","0.12","0.95","0.97","1.01","20.06","68.81","0","0","0","0","0","cron"
"103944","2013-12-20 05:10:02","0000-00-00 00:00:00","1387512601","0","1.13","0.06","0.1","1.18","1.07","1.01","20.06","68.69","0","0","0","0","0","cron"
"103945","2013-12-20 05:12:01","0000-00-00 00:00:00","1387512721","0","4.51","3.66","0.08","3.67","3.43","0.97","20.06","68.62","0","0","0","0","0","cron"
"103946","2013-12-20 05:14:02","0000-00-00 00:00:00","1387512842","0","4.53","3.68","0.1","5.32","5.01","1.11","20.06","68.81","0","0","0","0","0","cron"
"103947","2013-12-20 05:16:02","0000-00-00 00:00:00","1387512961","0","4.52","3.65","0.08","5.49","5.03","1.36","20","69.19","0","0","0","0","0","cron"
"103948","2013-12-20 05:18:01","0000-00-00 00:00:00","1387513081","0","6.73","5.94","0.1","5.43","4.91","1.26","20","69.44","0","0","0","0","0","cron"
"103949","2013-12-20 05:20:01","0000-00-00 00:00:00","1387513201","0","6.7","5.91","0.09","5.18","5.16","1.46","20","69.56","0","0","0","0","0","cron"
"103950","2013-12-20 05:22:02","0000-00-00 00:00:00","1387513322","0","6.74","5.95","0.09","4.94","5.27","1.81","20","69.69","0","0","0","0","0","cron"
"103951","2013-12-20 05:24:01","0000-00-00 00:00:00","1387513441","0","4.49","5.25","2.48","4.7","5","1.76","20","69.81","0","0","0","0","0","cron"
"103952","2013-12-20 05:26:01","0000-00-00 00:00:00","1387513561","0","4.52","5.24","2.45","4.5","4.52","1.38","20.06","69.87","0","0","0","0","0","cron"
"103953","2013-12-20 05:28:02","0000-00-00 00:00:00","1387513682","0","1.06","2.42","2.48","3.06","2.92","1.01","20","70.06","0","0","0","0","0","cron"
"103954","2013-12-20 05:30:01","0000-00-00 00:00:00","1387513801","0","1.06","2.42","2.49","1.07","1","1.05","20.06","69.19","0","0","0","0","0","cron"
"103955","2013-12-20 05:32:01","0000-00-00 00:00:00","1387513921","0","1.05","2.4","2.47","1.6","1.47","1.04","20.06","68.94","0","0","0","0","0","cron"
"103956","2013-12-20 05:34:02","0000-00-00 00:00:00","1387514042","0","1.05","2.44","2.48","1.71","1.49","0.89","20","68.87","0","0","0","0","0","cron"
"103957","2013-12-20 05:36:01","0000-00-00 00:00:00","1387514161","0","4.49","3.66","0.1","3.78","3.49","0.79","20","68.87","0","0","0","0","0","cron"
"103958","2013-12-20 05:38:01","0000-00-00 00:00:00","1387514281","0","4.46","3.63","0.1","5.09","4.86","0.98","20","69","0","0","0","0","0","cron"
"103959","2013-12-20 05:40:01","0000-00-00 00:00:00","1387514401","0","4.54","5.8","3.14","5.08","5.28","1.59","19.94","69.37","0","0","0","0","0","cron"
"103960","2013-12-20 05:42:02","0000-00-00 00:00:00","1387514522","0","4.44","5.81","3.15","5.03","5.14","1.86","19.94","69.62","0","0","0","0","0","cron"
"103961","2013-12-20 05:44:02","0000-00-00 00:00:00","1387514641","0","4.43","5.74","3.14","4.72","4.78","2.01","20","69.75","0","0","0","0","0","cron"
"103962","2013-12-20 05:46:01","0000-00-00 00:00:00","1387514761","0","4.46","3.63","0.1","4.71","4.55","1.75","19.94","69.94","0","0","0","0","0","cron"
"103963","2013-12-20 05:48:02","0000-00-00 00:00:00","1387514882","0","4.47","3.65","0.1","4.48","4.28","1.04","19.94","70.06","0","0","0","0","0","cron"
"103964","2013-12-20 05:50:02","0000-00-00 00:00:00","1387515001","0","4.45","3.64","0.09","4.79","4.56","1","19.94","70.12","0","0","0","0","0","cron"
"103965","2013-12-20 05:52:01","0000-00-00 00:00:00","1387515121","0","3.32","2.45","0.12","4.04","3.82","0.94","19.94","70.19","0","0","0","0","0","cron"
"103966","2013-12-20 05:54:02","0000-00-00 00:00:00","1387515242","0","3.31","2.47","0.1","1.74","1.57","0.94","19.94","69.62","0","0","0","0","0","cron"
"103967","2013-12-20 05:56:02","0000-00-00 00:00:00","1387515361","0","3.33","4.18","2.44","1.73","1.57","0.95","19.87","69.19","0","0","0","0","0","cron"
"103968","2013-12-20 05:58:01","0000-00-00 00:00:00","1387515481","0","1.04","2.43","2.47","1.69","1.64","1.06","19.87","69.12","0","0","0","0","0","cron"
"103969","2013-12-20 06:00:02","0000-00-00 00:00:00","1387515602","0","4.43","5.17","2.45","2.27","2.7","1.67","19.87","69.12","0","0","0","0","0","cron"
"103970","2013-12-20 06:02:02","0000-00-00 00:00:00","1387515721","0","4.54","5.2","2.47","4.78","5.14","1.85","19.87","69.06","0","0","0","0","0","cron"
"103971","2013-12-20 06:04:01","0000-00-00 00:00:00","1387515841","0","4.23","5.25","2.44","4.51","4.65","1.58","19.87","69.44","0","0","0","0","0","cron"
"103972","2013-12-20 06:06:01","0000-00-00 00:00:00","1387515961","0","6.49","5.98","0.1","4.45","4.56","1.08","19.87","69.75","0","0","0","0","0","cron"
"103973","2013-12-20 06:08:02","0000-00-00 00:00:00","1387516082","0","4.23","3.69","0.1","4.49","4.4","1.18","19.87","69.94","0","0","0","0","0","cron"
"103974","2013-12-20 06:10:02","0000-00-00 00:00:00","1387516202","0","5.96","3.63","2.47","4.67","4.49","1.33","19.81","70.12","0","0","0","0","0","cron"
"103975","2013-12-20 06:12:01","0000-00-00 00:00:00","1387516321","0","5.93","3.61","2.44","5.05","4.94","1.46","19.81","70.25","0","0","0","0","0","cron"
"103976","2013-12-20 06:14:01","0000-00-00 00:00:00","1387516441","0","4.2","3.64","0.1","4.96","4.96","1.11","19.75","70.31","0","0","0","0","0","cron"
"103977","2013-12-20 06:16:02","0000-00-00 00:00:00","1387516562","0","0.94","0.08","0.09","2.96","3.01","1.01","19.75","70.31","0","0","0","0","0","cron"
"103978","2013-12-20 06:18:02","0000-00-00 00:00:00","1387516681","0","0.91","0.05","0.08","1.64","1.76","1.08","19.81","69.56","0","0","0","0","0","cron"
"103979","2013-12-20 06:20:01","0000-00-00 00:00:00","1387516801","0","0.92","0.06","0.08","1.51","2.22","1.7","19.81","69.44","0","0","0","0","0","cron"
"103980","2013-12-20 06:22:02","0000-00-00 00:00:00","1387516922","0","0.93","0.08","0.11","1.28","2.15","1.88","19.75","69.31","0","0","0","0","0","cron"
"103981","2013-12-20 06:24:02","0000-00-00 00:00:00","1387517041","0","4.51","5.12","2.44","2.85","3.29","1.92","19.75","69.25","0","0","0","0","0","cron"
"103982","2013-12-20 06:26:02","0000-00-00 00:00:00","1387517162","0","4.58","5.16","2.42","4.59","4.47","1.39","19.75","69.25","0","0","0","0","0","cron"
"103983","2013-12-20 06:28:02","0000-00-00 00:00:00","1387517281","0","4.56","5.16","2.44","4.59","4.21","1.03","19.75","69.56","0","0","0","0","0","cron"
"103984","2013-12-20 06:30:01","0000-00-00 00:00:00","1387517401","0","5.02","5.6","2.43","4.68","4.23","0.92","19.75","69.87","0","0","0","0","0","cron"
"103985","2013-12-20 06:32:02","0000-00-00 00:00:00","1387517522","0","4.59","5.11","2.41","5.05","4.61","0.97","19.69","70.06","0","0","0","0","0","cron"
"103986","2013-12-20 06:34:02","0000-00-00 00:00:00","1387517641","0","4.59","5.17","2.45","5.52","4.85","1.24","19.69","70.25","0","0","0","0","0","cron"
"103987","2013-12-20 06:36:01","0000-00-00 00:00:00","1387517761","0","8.19","5.91","2.46","5.84","5.48","1.8","19.69","70.31","0","0","0","0","0","cron"
"103988","2013-12-20 06:38:02","0000-00-00 00:00:00","1387517882","0","13.86","7.9","4.72","7.5","6.78","3","19.62","70.44","0","0","0","0","0","cron"
"103989","2013-12-20 06:40:02","0000-00-00 00:00:00","1387518002","0","7.27","0.33","0.31","9.49","4.43","2.07","19.69","70.5","0","0","0","0","0","cron"
"103990","2013-12-20 06:42:02","0000-00-00 00:00:00","1387518121","0","7.2","0.33","0.32","7.18","1.3","1.19","19.69","69.56","0","0","0","0","0","cron"
"103991","2013-12-20 06:44:01","0000-00-00 00:00:00","1387518241","0","4.39","0.33","0.33","5.36","0.97","0.88","19.69","68.87","0","0","0","0","0","cron"
"103992","2013-12-20 06:46:02","0000-00-00 00:00:00","1387518362","0","0.93","0.33","0.38","2.95","0.81","0.79","19.69","68.69","0","0","0","0","0","cron"
"103993","2013-12-20 06:48:02","0000-00-00 00:00:00","1387518481","0","0.94","0.33","0.39","0.93","0.85","0.86","19.75","68.62","0","0","0","0","0","cron"
"103994","2013-12-20 06:50:01","0000-00-00 00:00:00","1387518601","0","0.89","0.37","0.36","1.16","1.37","1.16","19.75","68.5","0","0","0","0","0","cron"
"103995","2013-12-20 06:52:02","0000-00-00 00:00:00","1387518722","0","4.21","3.74","0.35","4.41","4.62","1.36","19.69","68.5","0","0","0","0","0","cron"
"103996","2013-12-20 06:54:02","0000-00-00 00:00:00","1387518841","0","6.44","7.58","2.63","4.88","5.43","1.8","19.69","68.44","0","0","0","0","0","cron"
"103997","2013-12-20 06:56:01","0000-00-00 00:00:00","1387518961","0","6.42","7.52","2.63","4.81","5.66","2.17","19.69","68.31","0","0","0","0","0","cron"
"103998","2013-12-20 06:58:02","0000-00-00 00:00:00","1387519082","0","4.64","5.47","2.62","4.69","5.45","2.2","19.69","68.37","0","0","0","0","0","cron"
"103999","2013-12-20 07:00:02","0000-00-00 00:00:00","1387519201","0","4.48","5.34","2.62","4.59","4.57","1.49","19.75","68.56","0","0","0","0","0","cron"
"104000","2013-12-20 07:02:01","0000-00-00 00:00:00","1387519321","0","4.51","5.41","2.61","4.52","4.15","0.97","19.75","68.75","0","0","0","0","0","cron"
"104001","2013-12-20 07:04:02","0000-00-00 00:00:00","1387519442","0","4.87","5.43","2.6","4.81","4.2","1.06","19.69","69","0","0","0","0","0","cron"
"104002","2013-12-20 07:06:02","0000-00-00 00:00:00","1387519561","0","4.77","3.57","0.41","4.96","4.29","1.41","19.75","69.12","0","0","0","0","0","cron"
"104003","2013-12-20 07:08:01","0000-00-00 00:00:00","1387519681","0","3.75","0.33","2.72","5","4.32","1.65","19.69","69.31","0","0","0","0","0","cron"
"104004","2013-12-20 07:10:01","0000-00-00 00:00:00","1387519801","0","3.75","0.33","2.7","2.42","1.88","1.8","19.62","68.81","0","0","0","0","0","cron"
"104005","2013-12-20 07:12:02","0000-00-00 00:00:00","1387519922","0","1.49","0.35","0.38","2.17","2.06","1.66","19.62","68.69","0","0","0","0","0","cron"
"104006","2013-12-20 07:14:01","0000-00-00 00:00:00","1387520041","0","1.61","3.42","3.27","1.98","2.2","1.79","19.62","68.56","0","0","0","0","0","cron"
"104007","2013-12-20 07:16:01","0000-00-00 00:00:00","1387520161","0","4.87","3.74","0.35","2.7","3.17","2.15","19.69","68.56","0","0","0","0","0","cron"
"104008","2013-12-20 07:18:02","0000-00-00 00:00:00","1387520282","0","4.99","3.69","0.42","4.88","5.05","2.12","19.62","68.5","0","0","0","0","0","cron"
"104009","2013-12-20 07:20:02","0000-00-00 00:00:00","1387520401","0","4.94","3.67","0.41","5.25","5.17","1.85","19.62","68.75","0","0","0","0","0","cron"
"104010","2013-12-20 07:22:01","0000-00-00 00:00:00","1387520521","0","5","3.74","0.36","5.46","4.89","1.22","19.69","69.06","0","0","0","0","0","cron"
"104011","2013-12-20 07:24:02","0000-00-00 00:00:00","1387520642","0","4.92","3.66","0.39","5.15","4.36","0.96","19.69","69.31","0","0","0","0","0","cron"
"104012","2013-12-20 07:26:02","0000-00-00 00:00:00","1387520761","0","4.95","5.39","2.58","5.24","4.45","1.01","19.69","69.5","0","0","0","0","0","cron"
"104013","2013-12-20 07:28:01","0000-00-00 00:00:00","1387520881","0","7.03","7.56","2.62","5.14","4.49","1.07","19.69","69.62","0","0","0","0","0","cron"
"104014","2013-12-20 07:30:02","0000-00-00 00:00:00","1387521002","0","7.11","7.49","2.62","5.21","4.62","1.15","19.69","69.69","0","0","0","0","0","cron"
"104015","2013-12-20 07:32:01","0000-00-00 00:00:00","1387521121","0","3.48","3.69","2.09","4.41","3.94","1.33","19.69","69.87","0","0","0","0","0","cron"
"104016","2013-12-20 07:34:01","0000-00-00 00:00:00","1387521241","0","1.61","0.31","0.4","2.07","1.86","1.58","19.69","69.25","0","0","0","0","0","cron"
"104017","2013-12-20 07:36:02","0000-00-00 00:00:00","1387521362","0","3.78","3.71","5","2.27","2.43","2.11","19.69","69.12","0","0","0","0","0","cron"
"104018","2013-12-20 07:38:02","0000-00-00 00:00:00","1387521481","0","3.8","3.7","4.98","1.97","2.43","2.09","19.62","68.87","0","0","0","0","0","cron"
"104019","2013-12-20 07:40:02","0000-00-00 00:00:00","1387521601","0","1.61","3.67","3.23","1.77","2.21","1.97","19.69","68.75","0","0","0","0","0","cron"
"104020","2013-12-20 07:42:01","0000-00-00 00:00:00","1387521721","0","4.87","3.71","0.35","2.44","2.47","1.34","19.69","68.69","0","0","0","0","0","cron"
"104021","2013-12-20 07:44:02","0000-00-00 00:00:00","1387521842","0","4.91","3.69","0.36","5","4.35","1.08","19.69","68.62","0","0","0","0","0","cron"
"104022","2013-12-20 07:46:02","0000-00-00 00:00:00","1387521961","0","4.86","3.66","0.36","5.29","4.69","1.17","19.69","68.37","0","0","0","0","0","cron"
"104023","2013-12-20 07:48:01","0000-00-00 00:00:00","1387522081","0","4.87","5.73","2.87","5.5","5.2","1.49","19.69","68.19","0","0","0","0","0","cron"
"104024","2013-12-20 07:50:02","0000-00-00 00:00:00","1387522202","0","4.68","3.9","0.65","5.39","5.13","1.52","19.69","68.19","0","0","0","0","0","cron"
"104025","2013-12-20 07:52:02","0000-00-00 00:00:00","1387522321","0","4.56","5.76","2.86","4.92","4.88","1.43","19.62","68.37","0","0","0","0","0","cron"
"104026","2013-12-20 07:54:01","0000-00-00 00:00:00","1387522441","0","5","5.66","2.83","5.22","5.02","1.56","19.62","68.62","0","0","0","0","0","cron"
"104027","2013-12-20 07:56:02","0000-00-00 00:00:00","1387522562","0","7.21","7.77","2.88","5.8","5.86","2.1","19.69","68.75","0","0","0","0","0","cron"
"104028","2013-12-20 07:58:01","0000-00-00 00:00:00","1387522681","0","7.25","7.8","2.89","5.75","5.95","2.31","19.62","68.94","0","0","0","0","0","cron"
"104029","2013-12-20 08:00:01","0000-00-00 00:00:00","1387522801","0","1.68","3.2","2.91","2.27","3","2.25","19.69","68.62","0","0","0","0","0","cron"
"104030","2013-12-20 08:02:02","0000-00-00 00:00:00","1387522922","0","1.66","0.83","0.63","1.64","1.96","1.72","19.69","68.31","0","0","0","0","0","cron"
"104031","2013-12-20 08:04:01","0000-00-00 00:00:00","1387523041","0","1.77","0.77","0.6","1.66","1.54","1.36","19.69","68.19","0","0","0","0","0","cron"
"104032","2013-12-20 08:06:01","0000-00-00 00:00:00","1387523161","0","8.2","3.72","0.68","2.33","1.6","1.53","19.69","68.19","0","0","0","0","0","cron"
"104033","2013-12-20 08:08:02","0000-00-00 00:00:00","1387523282","0","8.39","3.77","0.55","8.51","4.44","1.42","19.62","68.12","0","0","0","0","0","cron"
"104034","2013-12-20 08:10:01","0000-00-00 00:00:00","1387523401","0","13.82","3.51","0.32","9.59","4.55","1.07","19.62","68.31","0","0","0","0","0","cron"
"104035","2013-12-20 08:12:02","0000-00-00 00:00:00","1387523522","0","10.72","3.52","0.29","13.3","5.08","1.47","19.62","68.62","0","0","0","0","0","cron"
"104036","2013-12-20 08:14:02","0000-00-00 00:00:00","1387523641","0","4.56","5.4","2.45","10.65","5.57","1.85","19.62","68.81","0","0","0","0","0","cron"
"104037","2013-12-20 08:16:01","0000-00-00 00:00:00","1387523761","0","4.62","3.63","0.25","5","5.38","1.87","19.62","69","0","0","0","0","0","cron"
"104038","2013-12-20 08:18:01","0000-00-00 00:00:00","1387523881","0","4.52","3.55","0.25","4.59","4.77","1.64","19.62","69.19","0","0","0","0","0","cron"
"104039","2013-12-20 08:20:02","0000-00-00 00:00:00","1387524001","0","4.57","5.41","2.46","4.58","4.5","1.35","19.62","69.31","0","0","0","0","0","cron"
"104040","2013-12-20 08:22:01","0000-00-00 00:00:00","1387524121","0","7.58","2.99","2.49","4.85","4.11","1.68","19.62","69.44","0","0","0","0","0","cron"
"104041","2013-12-20 08:24:02","0000-00-00 00:00:00","1387524242","0","1.32","2.92","2.45","3.52","2.83","2.39","19.56","68.81","0","0","0","0","0","cron"
"104042","2013-12-20 08:26:02","0000-00-00 00:00:00","1387524361","0","3.51","4.51","2.48","2.36","2.2","1.64","19.62","68.56","0","0","0","0","0","cron"
"104043","2013-12-20 08:28:01","0000-00-00 00:00:00","1387524481","0","3.49","2.44","0.24","2.18","2.32","1.4","19.62","68.37","0","0","0","0","0","cron"
"104044","2013-12-20 08:30:02","0000-00-00 00:00:00","1387524602","0","6.81","5.84","0.25","3.35","3.38","1.25","19.62","68.37","0","0","0","0","0","cron"
"104045","2013-12-20 08:32:02","0000-00-00 00:00:00","1387524721","0","6.95","5.87","0.26","5.27","5.34","1.52","19.62","68.44","0","0","0","0","0","cron"
"104046","2013-12-20 08:34:01","0000-00-00 00:00:00","1387524841","0","5.01","6.09","3.16","5.5","5.27","1.71","19.62","68.87","0","0","0","0","0","cron"
"104047","2013-12-20 08:36:02","0000-00-00 00:00:00","1387524962","0","5.02","6.05","3.13","5.19","5.16","1.9","19.62","69.19","0","0","0","0","0","cron"
"104048","2013-12-20 08:38:02","0000-00-00 00:00:00","1387525081","0","4.99","3.54","0.25","5","4.83","1.72","19.62","69.37","0","0","0","0","0","cron"
"104049","2013-12-20 08:40:02","0000-00-00 00:00:00","1387525201","0","4.99","3.53","0.22","4.98","4.41","1.23","19.62","69.5","0","0","0","0","0","cron"
"104050","2013-12-20 08:42:01","0000-00-00 00:00:00","1387525321","0","5.02","3.58","0.24","5.02","4.39","1.21","19.62","69.62","0","0","0","0","0","cron"
"104051","2013-12-20 08:44:02","0000-00-00 00:00:00","1387525442","0","7.87","3","2.48","5.51","4.77","1.28","19.62","69.69","0","0","0","0","0","cron"
"104052","2013-12-20 08:46:01","0000-00-00 00:00:00","1387525561","0","1.5","2.97","2.48","5.79","2.37","1.4","19.62","69.12","0","0","0","0","0","cron"
"104053","2013-12-20 08:48:01","0000-00-00 00:00:00","1387525681","0","1.58","3","2.5","3.54","3.03","2.35","19.56","68.75","0","0","0","0","0","cron"
"104054","2013-12-20 08:50:02","0000-00-00 00:00:00","1387525802","0","1.55","2.94","2.43","2.59","2.91","2.43","19.62","68.62","0","0","0","0","0","cron"
"104055","2013-12-20 08:52:02","0000-00-00 00:00:00","1387525921","0","4.79","5.47","2.47","2.57","2.84","1.92","19.69","68.62","0","0","0","0","0","cron"
"104056","2013-12-20 08:54:01","0000-00-00 00:00:00","1387526041","0","4.93","5.47","2.47","5.59","5.27","1.44","19.69","68.56","0","0","0","0","0","cron"
"104057","2013-12-20 08:56:02","0000-00-00 00:00:00","1387526162","0","4.9","3.59","0.24","5.44","4.65","0.88","19.69","69.06","0","0","0","0","0","cron"
"104058","2013-12-20 08:58:02","0000-00-00 00:00:00","1387526281","0","4.98","3.57","0.24","4.91","4.09","0.83","19.69","69.37","0","0","0","0","0","cron"
"104059","2013-12-20 09:00:01","0000-00-00 00:00:00","1387526401","0","4.95","3.53","0.24","4.89","4.22","1.01","19.69","69.56","0","0","0","0","0","cron"
"104060","2013-12-20 09:02:02","0000-00-00 00:00:00","1387526522","0","7.2","5.88","0.24","5.02","4.47","1.15","19.69","69.75","0","0","0","0","0","cron"
"104061","2013-12-20 09:04:02","0000-00-00 00:00:00","1387526641","0","4.97","3.58","0.24","5.28","4.78","1.23","19.69","69.81","0","0","0","0","0","cron"
"104062","2013-12-20 09:06:01","0000-00-00 00:00:00","1387526761","0","4.83","6.03","3.14","5.6","5.23","1.37","19.69","69.87","0","0","0","0","0","cron"
"104063","2013-12-20 09:08:02","0000-00-00 00:00:00","1387526882","0","1.49","0.65","0.34","2.42","2.99","1.91","19.62","69.44","0","0","0","0","0","cron"
"104064","2013-12-20 09:10:02","0000-00-00 00:00:00","1387527002","0","1.52","0.65","0.31","1.97","2.65","1.95","19.69","69","0","0","0","0","0","cron"
"104065","2013-12-20 09:12:02","0000-00-00 00:00:00","1387527121","0","1.48","0.63","0.32","1.85","2.47","1.84","19.75","68.87","0","0","0","0","0","cron"
"104066","2013-12-20 09:14:01","0000-00-00 00:00:00","1387527241","0","1.48","2.96","2.56","1.77","1.77","1.19","19.69","68.81","0","0","0","0","0","cron"
"104067","2013-12-20 09:16:02","0000-00-00 00:00:00","1387527362","0","4.78","5.36","2.56","5.09","4.46","1.1","19.69","68.81","0","0","0","0","0","cron"
"104068","2013-12-20 09:18:02","0000-00-00 00:00:00","1387527481","0","4.78","5.3","2.54","5.39","4.47","1.38","19.75","69.06","0","0","0","0","0","cron"
"104069","2013-12-20 09:20:01","0000-00-00 00:00:00","1387527601","0","4.85","5.6","2.42","5.58","4.8","1.55","19.69","69.37","0","0","0","0","0","cron"
"104070","2013-12-20 09:22:02","0000-00-00 00:00:00","1387527722","0","4.85","5.43","2.48","5.61","5.1","1.45","19.69","69.06","0","0","0","0","0","cron"
"104071","2013-12-20 09:24:02","0000-00-00 00:00:00","1387527841","0","5.22","5.41","2.47","5.92","5.71","1.94","19.69","69.25","0","0","0","0","0","cron"
"104072","2013-12-20 09:26:01","0000-00-00 00:00:00","1387527961","0","5.31","5.98","3.08","6.24","6.66","2.9","19.69","69.44","0","0","0","0","0","cron"
"104073","2013-12-20 09:28:02","0000-00-00 00:00:00","1387528082","0","5.35","3.56","0.25","5.89","6.03","2.53","19.69","69.69","0","0","0","0","0","cron"
"104074","2013-12-20 09:30:02","0000-00-00 00:00:00","1387528201","0","1.88","0.63","0.24","2.45","2.2","1.33","19.75","69.31","0","0","0","0","0","cron"
"104075","2013-12-20 09:32:01","0000-00-00 00:00:00","1387528321","0","1.84","0.62","0.24","1.89","1.39","0.96","19.75","68.87","0","0","0","0","0","cron"
"104076","2013-12-20 09:34:02","0000-00-00 00:00:00","1387528442","0","1.84","0.66","0.25","1.86","1.38","0.95","19.75","68.87","0","0","0","0","0","cron"
"104077","2013-12-20 09:36:01","0000-00-00 00:00:00","1387528561","0","1.4","0.62","0.22","1.86","1.69","1.09","19.75","68.81","0","0","0","0","0","cron"
"104078","2013-12-20 09:38:01","0000-00-00 00:00:00","1387528681","0","4.11","5.42","2.47","4.2","4.26","1.39","19.69","68.75","0","0","0","0","0","cron"
"104079","2013-12-20 09:40:01","0000-00-00 00:00:00","1387528801","0","4.09","5.4","2.43","5.21","6.04","2.35","19.75","68.94","0","0","0","0","0","cron"
"104080","2013-12-20 09:42:02","0000-00-00 00:00:00","1387528922","0","4.15","5.35","2.39","6.17","7.39","3.4","19.75","69.31","0","0","0","0","0","cron"
"104081","2013-12-20 09:44:01","0000-00-00 00:00:00","1387529041","0","4.15","5.38","2.38","6.14","7.32","3.39","19.75","69.62","0","0","0","0","0","cron"
"104082","2013-12-20 09:46:01","0000-00-00 00:00:00","1387529161","0","4.08","5.44","2.47","5.42","6.34","2.5","19.75","69.69","0","0","0","0","0","cron"
"104083","2013-12-20 09:48:02","0000-00-00 00:00:00","1387529282","0","4.1","5.44","2.46","4.57","5.02","1.45","19.81","69.87","0","0","0","0","0","cron"
"104084","2013-12-20 09:50:01","0000-00-00 00:00:00","1387529401","0","4.18","5.4","2.43","4.24","4.5","1.22","19.75","70","0","0","0","0","0","cron"
"104085","2013-12-20 09:52:01","0000-00-00 00:00:00","1387529521","0","0.92","2.99","2.48","2.37","3.06","1.41","19.75","69.94","0","0","0","0","0","cron"
"104086","2013-12-20 09:54:02","0000-00-00 00:00:00","1387529641","0","0.94","0.64","0.25","1.01","2.01","1.48","19.75","69.25","0","0","0","0","0","cron"
"104087","2013-12-20 09:56:01","0000-00-00 00:00:00","1387529761","0","0.92","0.63","0.25","1.33","2.62","1.84","19.69","69.06","0","0","0","0","0","cron"
"104088","2013-12-20 09:58:02","0000-00-00 00:00:00","1387529882","0","2.93","5.05","3.12","1.59","3.24","2.27","19.69","69","0","0","0","0","0","cron"
"104089","2013-12-20 10:00:02","0000-00-00 00:00:00","1387530001","0","6.33","8.06","3.13","2.69","4.22","2.35","19.75","68.94","0","0","0","0","0","cron"
"104090","2013-12-20 10:02:01","0000-00-00 00:00:00","1387530121","0","6.35","7.96","3.06","5","5.85","1.98","19.75","68.94","0","0","0","0","0","cron"
"104091","2013-12-20 10:04:02","0000-00-00 00:00:00","1387530242","0","8.6","8.08","0.26","4.77","5.16","1.38","19.75","69.37","0","0","0","0","0","cron"
"104092","2013-12-20 10:06:02","0000-00-00 00:00:00","1387530361","0","4.12","3.58","0.23","4.87","5.24","1.73","19.75","69.62","0","0","0","0","0","cron"
"104093","2013-12-20 10:08:01","0000-00-00 00:00:00","1387530481","0","4.11","3.58","0.24","5.16","5.22","1.82","19.75","69.81","0","0","0","0","0","cron"
"104094","2013-12-20 10:10:01","0000-00-00 00:00:00","1387530601","0","4.12","5.36","2.43","5.15","5.14","1.71","19.75","70","0","0","0","0","0","cron"
"104095","2013-12-20 10:12:02","0000-00-00 00:00:00","1387530722","0","4.17","5.47","2.44","4.72","5.11","1.57","19.69","70.06","0","0","0","0","0","cron"
"104096","2013-12-20 10:14:02","0000-00-00 00:00:00","1387530841","0","4.16","5.5","2.47","4.58","5.48","2.01","19.69","70.19","0","0","0","0","0","cron"
"104097","2013-12-20 10:16:01","0000-00-00 00:00:00","1387530961","0","0.92","3","2.49","1.83","3.4","2.2","19.69","69.81","0","0","0","0","0","cron"
"104098","2013-12-20 10:18:02","0000-00-00 00:00:00","1387531082","0","0.92","2.97","2.48","1.54","3","2.07","19.69","69.37","0","0","0","0","0","cron"
"104099","2013-12-20 10:20:02","0000-00-00 00:00:00","1387531201","0","0.95","2.93","2.43","1.54","2.25","1.29","19.69","69.19","0","0","0","0","0","cron"
"104100","2013-12-20 10:22:01","0000-00-00 00:00:00","1387531321","0","0.95","2.96","2.48","1.47","2.12","1.22","19.69","69.12","0","0","0","0","0","cron"
"104101","2013-12-20 10:24:02","0000-00-00 00:00:00","1387531442","0","4.11","3.57","0.23","2.99","3.77","1.5","19.69","69.06","0","0","0","0","0","cron"
"104102","2013-12-20 10:26:02","0000-00-00 00:00:00","1387531561","0","4.14","3.57","0.24","4.57","4.99","1.39","19.69","69.06","0","0","0","0","0","cron"
"104103","2013-12-20 10:28:01","0000-00-00 00:00:00","1387531681","0","4.16","5.33","2.31","4.53","5.12","1.61","19.69","69.5","0","0","0","0","0","cron"
"104104","2013-12-20 10:30:02","0000-00-00 00:00:00","1387531802","0","4.45","5.95","3.09","4.64","5.5","2.07","19.62","69.81","0","0","0","0","0","cron"
"104105","2013-12-20 10:32:01","0000-00-00 00:00:00","1387531921","0","9.05","10.28","3.09","5.41","5.91","2.5","19.62","70","0","0","0","0","0","cron"
"104106","2013-12-20 10:34:01","0000-00-00 00:00:00","1387532041","0","8.97","8.2","0.25","5.51","5.83","2.52","19.69","70.19","0","0","0","0","0","cron"
"104107","2013-12-20 10:36:02","0000-00-00 00:00:00","1387532162","0","6.77","5.92","0.25","5.55","5.33","1.8","19.69","70.31","0","0","0","0","0","cron"
"104108","2013-12-20 10:38:01","0000-00-00 00:00:00","1387532281","0","1.08","2.98","2.49","2.85","3.19","1.27","19.69","70.06","0","0","0","0","0","cron"
"104109","2013-12-20 10:40:01","0000-00-00 00:00:00","1387532401","0","1.1","2.99","2.48","1.67","2.19","1.28","19.69","69.44","0","0","0","0","0","cron"
"104110","2013-12-20 10:42:01","0000-00-00 00:00:00","1387532521","0","1.1","2.96","2.44","1.61","2.04","1.18","19.69","69.31","0","0","0","0","0","cron"
"104111","2013-12-20 10:44:02","0000-00-00 00:00:00","1387532642","0","1.06","3","2.49","1.5","1.98","1.2","19.69","69.19","0","0","0","0","0","cron"
"104112","2013-12-20 10:46:01","0000-00-00 00:00:00","1387532761","0","4.51","5.51","2.47","2.83","3.5","1.68","19.69","69.19","0","0","0","0","0","cron"
"104113","2013-12-20 10:48:01","0000-00-00 00:00:00","1387532881","0","4.49","5.37","2.44","4.83","5.52","2.13","19.69","69.19","0","0","0","0","0","cron"
"104114","2013-12-20 10:50:02","0000-00-00 00:00:00","1387533001","0","4.52","5.47","2.45","4.78","5.45","2.1","19.75","69.62","0","0","0","0","0","cron"
"104115","2013-12-20 10:52:01","0000-00-00 00:00:00","1387533121","0","10.59","5.24","2.47","9.15","5.14","1.66","19.69","69.94","0","0","0","0","0","cron"
"104116","2013-12-20 10:54:02","0000-00-00 00:00:00","1387533242","0","4.5","3.68","0.11","8.25","4.37","0.92","19.75","70.12","0","0","0","0","0","cron"
"104117","2013-12-20 10:56:02","0000-00-00 00:00:00","1387533361","0","4.49","3.68","0.11","4.5","4.26","0.96","19.75","70.31","0","0","0","0","0","cron"
"104118","2013-12-20 10:58:01","0000-00-00 00:00:00","1387533481","0","4.49","3.67","0.1","4.49","4.25","0.96","19.81","70.37","0","0","0","0","0","cron"
"104119","2013-12-20 11:00:03","0000-00-00 00:00:00","1387533603","0","1.49","0.04","0.09","1.65","1.11","0.93","19.75","69.87","0","0","0","0","0","cron"
"104120","2013-12-20 11:02:02","0000-00-00 00:00:00","1387533721","0","1.88","0.04","0.1","2.21","1.25","0.86","19.75","69.5","0","0","0","0","0","cron"
"104121","2013-12-20 11:04:02","0000-00-00 00:00:00","1387533842","0","4.21","2.45","0.08","2.87","1.8","1.41","19.75","69.44","0","0","0","0","0","cron"
"104122","2013-12-20 11:06:01","0000-00-00 00:00:00","1387533961","0","4.2","4.77","3.13","3.32","2.62","1.95","19.81","69.37","0","0","0","0","0","cron"
"104123","2013-12-20 11:08:02","0000-00-00 00:00:00","1387534082","0","7.66","9.71","5.33","5.45","4.9","2.07","19.87","69.31","0","0","0","0","0","cron"
"104124","2013-12-20 11:10:01","0000-00-00 00:00:00","1387534201","0","5.34","6.71","4.19","6.21","5.74","2.02","19.87","69.37","0","0","0","0","0","cron"
"104125","2013-12-20 11:12:02","0000-00-00 00:00:00","1387534322","0","5.23","5.26","2.48","5.85","5.28","1.72","19.94","69.81","0","0","0","0","0","cron"
"104126","2013-12-20 11:14:02","0000-00-00 00:00:00","1387534442","0","5.38","5.19","2.43","5.44","4.4","1.05","20","70.12","0","0","0","0","0","cron"
